from,to,amount,block_number
0x742d35Cc6634C0532925a3b844Bc9e7595f3fBb0,0x8ba1f109551bD432803012645Ac136ddd64DBA72,1000,18500000
0x8ba1f109551bD432803012645Ac136ddd64DBA72,0xdD2FD4581271e230360230F9337D5c0430Bf44C0,500,18500001
0xdD2FD4581271e230360230F9337D5c0430Bf44C0,0x2546BcD3c84621e976D8185a91A922aE77ECEc30,300,18500002
0x2546BcD3c84621e976D8185a91A922aE77ECEc30,0xbDA5747bFD65F08deb54cb465eB87D40e51B197E,200,18500003
0xbDA5747bFD65F08deb54cb465eB87D40e51B197E,0x742d35Cc6634C0532925a3b844Bc9e7595f3fBb0,100,18500004
0x742d35Cc6634C0532925a3b844Bc9e7595f3fBb0,0x7a250d5630B4cF539739dF2C5dAcb4c659F2488D,2000,18500010
0x7a250d5630B4cF539739dF2C5dAcb4c659F2488D,0x742d35Cc6634C0532925a3b844Bc9e7595f3fBb0,1950,18500010
0x8ba1f109551bD432803012645Ac136ddd64DBA72,0x7d2768dE32b0b80b7a3454c06BdAc94A69DDc7A9,3000,18500020
0x7d2768dE32b0b80b7a3454c06BdAc94A69DDc7A9,0x8ba1f109551bD432803012645Ac136ddd64DBA72,2800,18500025
0xdD2FD4581271e230360230F9337D5c0430Bf44C0,0x7a250d5630B4cF539739dF2C5dAcb4c659F2488D,1500,18500030
0x7a250d5630B4cF539739dF2C5dAcb4c659F2488D,0xdD2FD4581271e230360230F9337D5c0430Bf44C0,1480,18500030
0xbDA5747bFD65F08deb54cb465eB87D40e51B197E,0x2546BcD3c84621e976D8185a91A922aE77ECEc30,5000,18500040
0x2546BcD3c84621e976D8185a91A922aE77ECEc30,0xbDA5747bFD65F08deb54cb465eB87D40e51B197E,4800,18500041
0xbDA5747bFD65F08deb54cb465eB87D40e51B197E,0x7d2768dE32b0b80b7a3454c06BdAc94A69DDc7A9,10000,18500050
0x7d2768dE32b0b80b7a3454c06BdAc94A69DDc7A9,0xbDA5747bFD65F08deb54cb465eB87D40e51B197E,9500,18500055
0x742d35Cc6634C0532925a3b844Bc9e7595f3fBb0,0xdD2FD4581271e230360230F9337D5c0430Bf44C0,800,18500060
0xdD2FD4581271e230360230F9337D5c0430Bf44C0,0x8ba1f109551bD432803012645Ac136ddd64DBA72,600,18500061
0x8ba1f109551bD432803012645Ac136ddd64DBA72,0x742d35Cc6634C0532925a3b844Bc9e7595f3fBb0,400,18500062
0x2546BcD3c84621e976D8185a91A922aE77ECEc30,0x7a250d5630B4cF539739dF2C5dAcb4c659F2488D,2500,18500070
0x7a250d5630B4cF539739dF2C5dAcb4c659F2488D,0x2546BcD3c84621e976D8185a91A922aE77ECEc30,2450,18500070
